Project Name,Protocol Name,Date,Sciebo Found,Application,Sequencer,STD in Millions,CV,Undetermined Reads Percentage,Most Common Undetermined Barcode,Most Common Undetermined Barcode Percentage,Undetermined Distribution String,Read Distribution,Number of Samples Above Requirement,Number of Samples Below Requirement,Sequencing Kit,Cycles Read 1,Cycles Index 1,Cycles Read 2,Cycles Index 2,Density,Clusters PF,Yields,Q 30,Phix Input,Phix Output Percent,Phix Barcode,Name,Total Read Count in Millions,Expected Clusters,Ratio Total Read Count and Expected Cluster
220407_NB501289_0613_AHM73LBGXK,220406_miRNASeq,2022-04-07,True,miRNAseq,nextseq500,2.65,38.5,7.5,GGGGGGGGGG+AGATCTCGGT,40.6,40.6-1.7-1.2-0.8-0.8-0.7-0.7-0.6-0.5-0.4-0.4-0.4-0.4-0.4-0.4,3.3-5.4-2.6-2.4-1.9-2.4-2.3-2.3-2.1-2.6-2.5-3.3-2.7-2.7-2.1-2.5-2.5-2.2-1.8-2.0-2.1-2.2-2.6-2.6-2.0-1.9-2.5-2.4-2.0-2.2-2.5-2.4-2.6-2.3-2.3-2.1-2.0-2.3-7.5,38.0,0.0,qiaseq mirna udi set a (96) (cat. no. 331615),72.0,10.0,-,10.0,112 K/mm²,92.1 %,23.9,95.2,,1.96,GGGGGGGGGG+AGATCTCGGT,#22-16 Müller-Wieland miRNA-Seq,268.3,,
220629_NB501289_0627_AHMTNHBGXL,220628_miRNA-Seq,2022-06-29,True,miRNAseq,nextseq500,3.14,59.2,8.2,GGGGGGGGGG+AGATCTCGGT,33.0,33.0-4.7-3.0-1.1-1.0-0.6-0.6-0.5-0.4-0.3-0.3-0.3-0.3-0.3-0.3,1.5-1.4-1.3-1.3-1.0-1.4-1.2-1.4-1.4-1.4-1.1-1.2-1.3-1.7-1.2-1.4-1.5-1.5-1.3-1.3-1.2-1.4-1.2-1.4-1.4-1.4-1.4-1.2-1.0-1.2-1.4-1.3-1.5-1.2-1.3-1.3-1.1-1.4-1.2-1.6-1.4-1.5-1.2-1.2-1.8-1.3-1.2-1.3-1.8-1.6-1.2-1.1-1.1-1.4-1.2-1.4-0.8-1.2-1.1-1.4-1.4-2.0-1.2-1.4-1.2-1.3-1.1-1.4-1.0-1.1-8.2,70.0,0.0,nextseq 500/550 high output kit v2.5 (75 cycles),72.0,10.0,-,10.0,160 K/mm²,90.8 %,33.4,95.8,,1.38,GGGGGGGGGG+AGATCTCGGT,#22-31 Maurer miRNA-Seq,375.88,400 mio.,0.94
220912_NB501289_0642_AH522MBGXM,220831_miRNA-Seq,2022-09-12,True,miRNAseq,nextseq500,5.42,36.4,8.5,GGGGGGGGGG+AGATCTCGGT,15.2,15.2-2.9-1.5-1.5-1.2-1.0-0.8-0.7-0.7-0.6-0.6-0.6-0.5-0.5-0.5,2.6-2.7-3.6-3.1-2.8-3.2-3.4-2.1-2.9-4.6-2.6-1.6-3.1-2.9-3.4-2.7-3.1-2.8-3.1-4.0-3.6-2.6-2.2-3.1-2.6-4.1-2.8-2.1-2.5-3.2-2.4-8.5,31.0,0.0,nextseq 500/550 high output kit v2.5 (75 cycles),72.0,10.0,-,10.0,222 K/mm2,82.6 %,42.3,93.3,,0.63,GGGGGGGGGG+AGATCTCGGT,#22-46 Maurer miRNA-Seq,475.73,400 mio.,1.19
230201_NB501289_0676_AHFK2MAFX5,230127_3mRNA-Seq,2023-02-01,True,3mRNAseq,nextseq500,3.09,20.1,3.6,,,,6.7-7.7-10.0-7.5-7.4-7.7-8.0-8.8-7.9-10.2-7.6-6.9-3.6,12.0,0.0,collibri 96 index plate,76.0,6.0,-,-,314 K/mm2,73.5 %,15.9,84.6,,,,#23-04 Asmae Laouina 3'mRNA-Seq,199.62,,
230207_A01742_0073_BHVTVFDRX2,230124_totalRNA-Seq,2023-02-07,True,tRNAseq,novaseq,6.27,11.1,5.1,,,,5.4-6.1-5.4-5.9-5.4-4.9-6.1-5.9-5.8-6.8-5.4-7.1-7.3-5.9-6.0-5.3-5.1,16.0,0.0,novaseq 6000 sp reagent kit v1.5 (200 cycles),100.0,8.0,100.0,8.0,-,75.38 %,206.14,91.27,,,,#23-03 Boor totalRNA-Seq,962.31,,
230214_NB501289_0677_AHHN5MBGXN,230209_3mRNA-Seq,2023-02-14,True,3mRNAseq,nextseq500,3.17,22.1,3.2,,,,2.2-2.3-1.9-2.4-2.0-2.2-2.3-2.1-2.0-2.1-2.1-2.1-2.4-2.0-2.1-2.3-2.3-1.9-2.2-2.1-2.5-2.4-2.3-2.7-3.6-3.2-3.2-3.1-4.4-3.4-2.8-2.2-1.6-2.8-2.6-2.5-2.0-2.3-2.2-1.9-3.2,40.0,0.0,collibri 96 index plate,76.0,6.0,-,-,275 K/mm2,82.5 %,46.9,88.4,,,,#23-01 Dickson Wong 3'mRNA-Seq,588.11,,
230221_A01742_0080_AHYH55DRX2,230215_ChIP-Seq,2023-02-21,True,ChIPseq,novaseq,,,,,,,,,,novaseq 6000 sp reagent kit v1.5 (100 cycles),76.0,-,8.0,8.0,-,73.06 %,83.03,92.83,,,,#23-11,,,
230301_A01742_0083_AHY2NTDRX2,230301_scSeq,2023-03-01,True,scVDJseq,novaseq,143.66,52.2,8.8,,,,46.2-45.0-8.8,0.0,0.0,,28,10,90,10,-,63.85 %,102.7,90.1,,,,#23-13 Florian Kahles scRNA-Seq,826.27,,
230314_NB501289_0682_AH35VGBGXT,,2023-03-14,False,,nextseq500,45.79,45.1,4.3,,,,30.1-22.5-26.4-16.7-4.3,0.0,0.0,,,,,,,,,,,,,,507.87,,
230315_NB501289_0683_AH3F7TBGXT,,2023-03-15,False,,nextseq500,22.28,68.4,13.8,,,,9.9-1.7-9.4-2.0-9.4-1.8-9.5-2.0-9.2-2.2-8.5-1.4-8.9-1.7-6.8-1.7-13.8,0.0,0.0,,,,,,,,,,,,,,553.57,,
230316_A01742_0089_BHYHJKDRX2,230316_scSeq,2023-03-16,True,scVDJseq,novaseq,86.18,77.5,4.7,,,,18.6-3.4-23.1-3.6-21.9-3.1-18.8-2.9-4.7,0.0,0.0,,26,10,90,10,-,78.41 %,132.11,93.3,,,,#23-16 Lydia Kopplin VDJ-Seq,1001.05,,
230317_A01742_0091_BHYG2LDRX2,230317_scSeq,2023-03-17,True,scVDJseq,novaseq,138.1,42.4,16.3,,,,50.9-32.8-16.3,0.0,0.0,,151,8,151,0,-,,,,,,,#23-15 Xian Liao ATAC-Seq,977.76,,
230321_NB501289_0684_AHL2NYBGXN,230321_totalRNA-Seq,2023-03-21,True,tRNAseq,nextseq500,11.64,18.7,7.1,,,,12.3-11.0-12.9-9.4-10.9-9.3-14.0-13.1-7.1,8.0,0.0,nextseq 500/550 high output kit v2.5 (150 cycles),76.0,8.0,76.0,8.0,264 K/mm²,81.8 %,91.4,88.8. ,,,,#23-23,559.33,400 mio.,1.4
230327_M04404_0663_000000000-DJ6YV,,2023-03-27,False,,miseq2,0.04,223.2,32.5,,,,1.4-1.5-1.3-1.4-1.4-1.7-1.3-1.9-1.4-1.3-1.6-1.4-1.5-1.4-0.8-1.7-1.6-1.1-1.5-0.6-1.4-1.5-1.0-1.4-1.4-1.4-1.0-1.7-1.5-0.8-1.0-1.3-1.7-1.3-1.3-1.5-0.9-1.0-1.5-1.0-1.2-1.5-1.3-0.9-1.4-1.2-1.0-1.4-1.3-1.4-1.4-32.5,0.0,0.0,,,,,,,,,,,,,,0.99,,
230331_NB501289_0687_AHL57JBGXN,230322_miRNA-Seq,2023-03-31,True,miRNAseq,nextseq500,5.73,58.8,9.9,GGGGGGGGGG+AGATCTCGGT,24.4,24.4-1.9-1.5-1.5-1.5-1.4-1.3-1.2-1.2-1.2-1.1-1.0-0.7-0.7-0.6,3.3-3.3-3.5-3.3-3.4-2.9-3.7-3.2-2.3-2.4-2.5-2.4-3.1-2.7-1.0-0.9-1.0-1.0-0.9-2.9-3.1-2.5-2.8-2.7-2.5-3.0-3.0-2.5-2.7-1.9-2.2-2.6-2.5-1.2-1.2-1.0-0.9-1.0-1.2-9.9,39.0,0.0,nextseq 500/550 high output kit v2.5 (75 cycles),72.0,10.0,-,10.0,180 K/mm²,83.5 %,34.7,92.9,,1.29,GGGGGGGGGG+AGATCTCGGT,#23-17,389.45,400 mio.,0.97
230403_NB501289_0688_AHFLYKAFX5,230327_3'mRNA-Seq,2023-04-03,True,3mRNAseq,nextseq500,13.54,49.0,3.3,GGGGGG,39.4,39.4-2.0-1.6-1.5-1.4-1.3-1.2-0.9-0.9-0.9-0.9-0.8-0.7-0.7-0.7,14.5-16.5-15.6-27.9-13.4-8.8-3.3,6.0,0.0,collibri 96 index plate,76.0,6.0,-,-,320 K/mm2,69.8 %,15.4,79.9,,1.29,GGGGGG,#23-24 Roksaneh Sayadi 3'mRNA-Seq,193.39,,
230404_NB501289_0689_AHFLWHAFX5,230404_totalRNA-Seq,2023-04-04,True,tRNAseq,nextseq500,25.14,79.0,5.0,GGGGGG,81.7,81.7-3.5-1.4-0.7-0.7-0.5-0.5-0.5-0.5-0.4-0.4-0.4-0.4-0.3-0.3,26.5-68.5-5.0,2.0,0.0,nextseq 500/550 mid output kit v2.5 (150 cycles),76.0,6.0,76.0,-,117 K/mm2,94.3 %,14.8,92.0,,4.1,GGGGGG,#22-68 Zimmer-Bensch totalRNA-Seq,95.42,130 mio.,0.73
230404_M04404_0665_000000000-KWWH3,,2023-04-04,False,,miseq2,,,,,,,,,,,,,,,,,,,,,,,,,
230405_NB501289_0690_AHH5YTAFX5,230405_scSeq,2023-04-05,True,scVDJseq,nextseq500,11.99,56.8,6.3,,,,28.6-9.6-7.5-10.5-8.8-8.6-9.6-10.5-6.3,0.0,0.0,nextseq 500/550 mid output kit v2.5 (150 cycles),28.0,10.0,90.0,10.0,304 K/mm2,72.2 %,25.3,80.2,,,,#22-76 Henrike Jacobi scRNA-Seq,189.95,130 mio.,1.46
230406_NB501289_0691_AHL2WVBGXN,230404_3mRNA-Seq,2023-04-06,True,3mRNAseq,nextseq500,2.0,14.4,3.1,GGGGGG,49.4,49.4-0.7-0.6-0.5-0.5-0.5-0.4-0.4-0.3-0.3-0.3-0.3-0.3-0.3-0.3,1.9-2.0-2.1-2.3-2.8-2.5-2.3-2.0-1.9-2.4-2.6-2.4-2.5-2.2-2.4-2.2-3.2-2.0-2.7-2.3-2.5-2.0-2.3-2.2-2.7-3.0-3.2-2.3-2.1-2.4-1.8-2.3-2.5-2.4-2.2-2.2-2.3-3.0-2.2-2.5-2.1-3.1,41.0,0.0,nextseq 500/550 high output kit v2.5 (75 cycles),76.0,6.0,-,-,275 K/mm²,81.6 %,46.4,86.9,,1.42,GGGGGG,#23-27,582.44,400 mio.,1.46
230411_M04404_0666_000000000-GGY5N,,2023-04-11,False,,miseq2,,,,,,,,,,,,,,,,,,,,,,,,,
230411_NB501289_0692_AHH7HWAFX5,230411_EMSB,2023-04-11,True,unknown,nextseq500,35.8,59.2,5.5,GGGGGG,73.3,73.3-2.2-2.1-1.7-1.4-0.7-0.6-0.6-0.6-0.5-0.5-0.5-0.5-0.4-0.4,46.2-48.3-5.5,0.0,0.0,nextseq 500/550 mid output kit v2.5 (150 cycles),74.0,6.0,86.0,-,251 K/mm²,83.5 %,29.5,74.4,,4.0,GGGGGG,#23-29,181.54,130 mio.,1.4
230414_NB501289_0693_AHJJGHAFX5,230414_DBit-Seq,2023-04-14,True,unknown,nextseq500,18.58,32.3,20.5,GGGGGGGG,90.6,90.6-0.9-0.8-0.5-0.3-0.3-0.2-0.2-0.2-0.1-0.1-0.1-0.1-0.1-0.1,46.9-32.6-20.5,0.0,0.0,nextseq 500/550 mid output kit v2.5 (300 cycles),101.0,8.0,101.0,-,244 K/mm²,81.9 %,35.6,72.1,,18.58,GGGGGGGG,#23-28,172.62,130 mio.,1.33
230424_NB501289_0695_AHL2W3BGXN,230424_Ampli-Seq,2023-04-24,True,ampliseq,nextseq500,10.78,46.8,29.5,GGGGGGGG+AGATCTCG,30.6,30.6-6.0-1.3-1.2-1.2-0.9-0.8-0.7-0.7-0.7-0.6-0.6-0.5-0.5-0.5,12.0-10.8-10.4-16.7-12.5-8.1-29.5,0.0,0.0,nextseq 500/550 high output kit v2.5 (75 cycles),76.0,8.0,-,8.0,158 K/mm²,39.4 %,14.4,86.1,,,,#23-35,161.39,400 mio.,0.4
230424_A01742_0102_AH5MG7DRX3,230424_totalRNA-Seq,2023-04-24,True,tRNAseq,novaseq,9.59,22.4,6.4,GGGGGGGG+AGATCTCG,9.4,9.4-8.4-6.2-3.8-1.6-1.4-1.4-1.2-1.1-1.0-0.9-0.9-0.8-0.8-0.7,4.0-3.9-4.8-4.9-2.9-4.3-2.4-4.3-3.5-5.2-4.9-4.3-3.7-2.6-2.8-4.6-3.8-4.3-2.9-3.2-4.2-4.3-4.6-3.3-6.4,24.0,0.0,,76,8,76,8,-,83.81 %,175.52,92.65,,,,#23-30,1069.98,,
230424_A01742_0103_BH3JJVDRX3,,2023-04-24,False,,novaseq,75.44,36.4,6.9,,,,28.9-23.6-20.5-20.1-6.9,0.0,0.0,,,,,,,,,,,,,,1037.75,,
230502_NB501289_0697_AH3CTLBGXT,230502_Ampli-Seq,2023-05-02,True,ampliseq,nextseq500,23.97,65.5,14.4,ACTGCTTA+AGATCTCG,6.2,6.2-5.4-4.8-4.5-4.3-4.2-3.8-3.6-3.6-3.6-3.6-3.3-3.0-2.6-2.6,7.9-9.5-2.1-9.7-2.0-9.2-2.2-9.4-2.2-8.8-1.3-8.9-1.7-9.2-1.6-14.4,0.0,0.0,miseq reagent v2 (300 cycles),151.0,8.0,151.0,8.0,1109 K/mm²,24.4 %,1.63,92.0,,,,#23-32,585.87,,
230502_M04404_0671_000000000_L34HK,230502_Ampli-Seq,2023-05-02,True,ampliseq,miseq2,0.11,684.3,38.2,TCCTTCTC+TCTTTCCC,1.8,1.8-1.6-1.2-1.2-1.2-1.0-0.9-0.9-0.9-0.9-0.8-0.8-0.8-0.8-0.8,0.2-0.1-0.2-0.1-0.1-0.1-0.1-0.2-0.2-0.1-0.1-0.1-0.1-0.1-0.1-0.1-0.2-0.1-0.1-0.2-0.1-0.1-0.2-0.2-0.2-0.1-0.1-0.1-0.1-0.1-0.2-0.2-0.2-0.2-0.2-0.2-0.1-0.2-0.2-0.2-0.2-0.1-0.1-0.1-0.1-0.1-0.1-0.2-0.2-0.1-0.2-0.1-0.1-0.1-0.2-0.2-0.2-0.2-0.1-0.1-0.1-0.1-0.1-0.1-0.2-0.2-0.2-0.2-0.1-0.1-0.2-0.2-0.1-0.1-0.2-0.1-0.1-0.0-0.1-0.2-0.2-0.2-0.2-0.2-0.1-0.1-0.1-0.2-0.2-0.2-0.1-0.2-0.1-0.0-0.1-0.2-0.3-0.2-0.2-0.2-0.2-0.2-0.2-0.3-0.3-0.2-0.3-0.3-0.3-0.2-0.2-0.2-0.2-0.2-0.2-0.2-0.2-0.2-0.2-0.3-0.2-0.2-0.3-0.3-0.3-0.2-0.2-0.3-0.2-0.2-0.2-0.3-0.2-0.2-0.2-0.3-0.3-0.3-0.3-0.2-0.2-0.2-0.2-0.3-0.3-0.3-0.3-0.3-0.3-0.2-0.2-0.4-0.3-0.3-0.3-0.3-0.3-0.2-0.3-0.3-0.3-0.2-0.3-0.3-0.3-0.2-0.2-0.4-0.4-0.5-0.3-0.4-0.3-0.2-0.3-0.4-0.4-0.3-0.3-0.2-0.2-0.2-0.2-0.3-0.3-0.3-0.3-0.3-0.0-0.2-0.2-0.7-0.3-0.4-0.3-0.3-0.3-0.3-0.3-0.3-0.3-0.4-0.3-0.3-0.3-0.3-0.4-0.3-0.4-0.5-0.4-0.4-0.4-0.4-0.4-0.4-0.3-0.3-0.2-0.3-0.3-0.3-0.3-0.3-0.4-0.4-0.4-0.4-0.3-0.4-0.4-0.3-0.3-0.3-0.3-0.2-0.3-0.3-0.3-0.3-0.1-0.1-0.1-0.1-0.1-0.1-0.1-0.1-0.1-0.1-0.1-0.1-0.1-0.1-0.1-0.1-0.1-0.1-0.1-0.1-0.1-0.1-0.1-0.1-0.1-0.1-0.1-0.1-0.1-0.1-0.1-0.0-0.1-0.0-0.1-0.1-0.1-0.1-0.1-0.1-0.1-0.0-0.0-0.1-0.1-0.1-0.1-0.1-0.1-0.1-0.1-0.1-0.1-0.1-0.1-0.1-0.1-0.1-0.1-0.1-0.1-0.1-0.1-0.1-0.1-0.1-0.1-0.1-0.1-0.1-0.1-0.1-0.1-0.1-0.1-0.1-0.1-0.1-0.1-0.1-0.1-0.1-0.1-0.1-38.2,0.0,0.0,miseq reagent v2 (300 cycles),151.0,8.0,151.0,8.0,1109 K/mm²,24.4 %,1.63,92.0,,,,#23-32,5.14,,
230503_NB501289_0698_AHVYJLBGXN,230426_ChIP-Seq,2023-05-03,True,ChIPseq,nextseq500,25.9,48.1,2.3,GGGGGG,63.9,63.9-4.4-0.8-0.8-0.7-0.6-0.6-0.6-0.6-0.6-0.5-0.5-0.5-0.4-0.4,17.9-7.7-14.3-10.7-5.6-7.7-15.9-17.9-2.3,0.0,0.0,nextseq 500/550 high output kit v2.5 (75 cycles),76.0,6.0,-,-,,,,,,1.49,GGGGGG,#23-31,484.66,400 mio.,1.21
230505_A01742_0106_AH7MGFDRX3,230427_mRNA-Seq,2023-05-05,True,mRNAseq,novaseq,12.89,23.6,5.0,GGGGGGGG+AGATCTCG,25.3,25.3-4.0-3.5-3.5-1.8-1.5-1.3-1.1-1.1-1.0-0.8-0.8-0.7-0.7-0.7,2.9-2.7-3.3-3.1-2.8-3.4-3.1-1.9-1.7-2.2-2.4-2.0-3.3-2.8-2.0-2.8-2.5-1.7-3.1-2.8-1.9-1.7-2.9-3.0-3.2-3.5-2.6-2.3-3.3-2.7-2.9-2.7-2.4-2.0-2.8-2.6-5.0,36.0,0.0,novaseq 6000,76.0,8.0,76.0,8.0,-,79.07 %,331.20,92.44,,,,#23-33 Aline Dupont mRNA-Seq,2018.84,,
230516_NB501289_0701_AHJHLHAFX5,230516_tRNA-Seq,2023-05-16,True,tRNAseq,nextseq500,6.43,30.0,2.7,GGGGGG,49.9,49.9-7.5-0.8-0.8-0.8-0.8-0.7-0.7-0.6-0.6-0.6-0.5-0.5-0.5-0.5,12.1-13.6-9.3-13.2-9.9-12.2-13.9-13.1-2.7,8.0,0.0,nextseq 500/550 mid output kit v2.5 (150 cycles),76.0,6.0,76.0,-,265 K/mm2,84.2%,29.8,90.4,,1.33,GGGGGG,#23-36 Zimmer-Bensch totalRNA-Seq,192.98,130 mio.,1.48
230517_NB501289_0702_AHTG7TBGXN,,2023-05-17,False,,nextseq500,20.92,59.0,11.6,ACTGCTTA+AGATCTCG,7.3,7.3-5.0-4.3-4.1-3.6-3.4-3.4-3.4-3.2-3.2-3.0-2.8-2.7-2.7-2.6,8.3-2.8-9.4-2.2-8.7-2.2-9.5-2.0-8.9-2.0-9.0-2.5-8.1-2.3-8.1-2.3-11.6,0.0,0.0,,,,,,,,,,,,,,603.07,,
230522_A01742_0111_AH27LKDRX3,230522_spatialATAC-Seq,2023-05-22,True,scATACseq,novaseq,187.27,59.8,15.0,GGGGGGGG,93.7,93.7-1.1-0.6-0.4-0.3-0.2-0.1-0.1-0.1-0.1-0.1-0.1-0.1-0.1-0.1,61.0-23.9-15.0,0.0,0.0,,151,8,151,0,-,73.62 %,288.66,75.5,,14.08,GGGGGGGG,#23-37 Xian Liao ATAC-Seq,939.91,,
230607_NB501289_0707_AHVVY3BGXN,,2023-06-07,False,,nextseq500,8.19,106.3,51.0,GGGGGGGG+GGGGGGGG,4.1,4.1-2.0-1.9-1.5-1.2-1.2-0.8-0.8-0.8-0.8-0.8-0.8-0.7-0.6-0.6,9.9-7.7-7.8-10.3-10.6-2.9-51.0,0.0,0.0,,,,,,,,,,,,,,53.92,,
230612_NB501289_0709_AHKMGKBGXT,,2023-06-12,False,,nextseq500,22.35,59.1,12.9,ACTGCTTA+AGATCTCG,7.0,7.0-4.9-4.8-4.1-3.9-3.7-3.6-3.5-3.5-3.1-3.0-3.0-2.9-2.7-2.6,8.7-2.5-9.3-2.2-9.8-1.6-9.4-2.3-8.9-2.5-8.1-2.3-8.0-2.2-9.3-12.9,0.0,0.0,,,,,,,,,,,,,,605.26,,
230613_A01742_0117_BHCJHMDRX3,230613_spatialATAC-Seq,2023-06-13,True,scATACseq,novaseq,155.06,31.7,34.1,GGGGGGGG,99.1,99.1-0.2-0.1-0.1-0.1-0.1-0.0-0.0-0.0-0.0-0.0-0.0-0.0-0.0-0.0,65.9-34.1,0.0,0.0,,151,8,151,0,-,76.54 %,300.01,90.79,,33.82,GGGGGGGG,#23-37 Xian Liao ATAC-Seq,977.22,,
230614_NB501289_0710_AHJJHHAFX5,,2023-06-14,False,,nextseq500,6.93,31.1,3.8,GGGGGG,41.5,41.5-4.8-1.0-0.9-0.9-0.9-0.8-0.7-0.7-0.7-0.7-0.6-0.6-0.6-0.6,10.3-10.4-17.6-11.0-9.8-11.0-12.3-13.9-3.8,0.0,0.0,,,,,,,,,,,1.53,GGGGGG,,200.57,,
230626_NB501289_0715_AHCN5LBGXT,230621_3'mRNA-Seq,2023-06-26,True,3mRNAseq,nextseq500,5.93,22.6,8.3,GGGGGGGGGG+AGATCTCGGT,11.8,11.8-1.1-1.0-1.0-1.0-0.8-0.8-0.8-0.8-0.8-0.8-0.8-0.8-0.7-0.7,4.6-3.7-4.6-4.6-4.0-4.0-4.4-4.1-4.3-4.3-3.3-5.6-5.8-3.9-4.2-4.4-4.6-3.5-3.6-5.4-4.6-8.3,21.0,0.0,nextseq 500/550 high output kit v2.5 (75 cycles),72.0,10.0,-,10.0,261 K/mm²,85.4 %,51.3,89.7,,0.62,GGGGGGGGGG+AGATCTCGGT,#23-38,578.6,400 mio.,1.45
230628_NB501289_0716_AHKKCFBGXT,,2023-06-28,False,,nextseq500,22.4,62.8,12.1,ACTGCTTA+AGATCTCG,6.2,6.2-4.7-4.7-3.8-3.6-3.5-3.5-3.4-3.4-3.3-2.9-2.8-2.3-2.3-2.2,8.2-2.4-9.2-2.0-10.1-2.3-9.9-1.9-8.9-2.0-8.9-2.1-7.6-2.2-8.4-1.9-12.1,0.0,0.0,,,,,,,,,,,,,,606.66,,
230629_M04404_0681_000000000-L5HWJ,230626_16sRNA-Seq,2023-06-29,True,scRNAseq,miseq2,,,,,,,,,,miseq® reagent kit v3 (600-cycle),301.0,8.0,301.0,8.0,594 K/mm2,92.78 %,8.49,89.49,,,,#23-25 Nugraha Utomo 16S rRNA-Seq,,,
230712_NB501289_0719_AHJJG5AFX5,230712_scSeq,2023-07-12,True,scVDJseq,nextseq500,4.93,22.2,6.2,,,,9.8-10.9-16.0-11.0-9.9-12.5-12.4-11.3-6.2,0.0,0.0,nextseq 500/550 mid output kit v2.5 (150 cycles),28.0,10.0,90.0,10.0,280 K/mm2,82.6 %,26.7,88.0,,,,#23-40 Wenfang Gui scSeq,200.15,130 mio.,1.54
230719_A01742_0125_AHJYT3DRX3,230719_DBit-Seq,2023-07-19,True,unknown,novaseq,182.63,64.8,18.5,GGGGGGGG,95.3,95.3-0.7-0.6-0.4-0.2-0.2-0.2-0.1-0.1-0.1-0.1-0.1-0.1-0.1-0.1,63.9-17.6-18.5,0.0,0.0,,101,8,101,0,-,0.6623,175.28,78.7,,17.65,GGGGGGGG,#23-41 Xian Liao DBit Seq,845.58,,
230719_A01742_0125_AHJYT3DRX3_2,230719_DBit-Seq,2023-07-19,True,unknown,novaseq,182.63,64.8,18.5,GGGGGGGG,95.3,95.3-0.7-0.6-0.4-0.2-0.2-0.2-0.1-0.1-0.1-0.1-0.1-0.1-0.1-0.1,63.9-17.6-18.5,0.0,0.0,,101,8,101,0,-,0.6623,175.28,78.7,,17.65,GGGGGGGG,#23-41 Xian Liao DBit Seq,845.58,,
230719_NB501289_0721_AHKJLGBGXT,230719_DBit-Seq,2023-07-19,True,unknown,nextseq500,22.23,61.6,9.9,ACTGCTTA+AGATCTCG,5.9,5.9-5.5-4.0-3.9-3.8-3.7-3.6-3.1-2.9-2.6-2.4-2.4-2.3-2.2-2.1,10.5-2.0-9.8-2.1-9.9-2.2-9.3-2.1-8.5-2.1-8.1-2.1-8.7-2.3-8.6-1.8-9.9,0.0,0.0,,101,8,101,0,-,0.6623,175.28,78.7,,,,#23-41 Xian Liao DBit Seq,613.52,,
230807_NB501289_0726_AHWCMJBGXT,,2023-08-07,False,,nextseq500,20.9,58.6,10.4,ACTGCTTA+AGATCTCG,5.1,5.1-3.8-3.7-3.6-3.5-3.5-3.4-3.4-3.2-3.1-3.0-3.0-2.9-2.8-2.8,9.3-2.4-10.6-2.0-10.2-2.6-10.5-2.8-8.5-2.4-7.7-1.8-7.3-2.4-6.0-3.1-10.4,0.0,0.0,,,,,,,,,,,,,,606.11,,
230811_A01742_0132_AHGW2YDRX3,230811_scSeq,2023-08-11,True,scVDJseq,novaseq,60.53,28.7,20.0,,,,25.1-23.4-9.0-22.5-20.0,0.0,0.0,,28,10,90,10,-,82.53 %,141.37,79.29,,,,#23-43 Osman Goni scSeq,1053.65,,
230814_NB501289_0728_AHMWC7AFX5,230814_DBit-Seq,2023-08-14,True,unknown,nextseq500,8.09,10.3,44.8,GGGGGGGG,98.0,98.0-0.4-0.1-0.1-0.1-0.0-0.0-0.0-0.0-0.0-0.0-0.0-0.0-0.0-0.0,55.2-44.8,0.0,0.0,nextseq 500/550 mid output kit v2.5 (300 cycles),151.0,8.0,151.0,-,206 K/mm²,88.1 %,48.2,85.4,,43.96,GGGGGGGG,#23-44,156.79,130 mio.,1.21
230816_A01742_0135_AHJMNHDRX3,230816_scSeq,2023-08-16,True,scVDJseq,novaseq,211.27,60.8,5.3,,,,42.3-52.4-5.3,0.0,0.0,"dual index kit plate tt set a, 96 rxns (pn-1000215)",28,10,90,10,-,81.70 %,139.87,94.46,,,,#23-46,1043.03,,
230816_NB501289_0729_AHMY35AFX5,230816_scSeq,2023-08-16,True,scVDJseq,nextseq500,44.42,65.4,5.4,,,,36.1-58.5-5.4,0.0,0.0,nextseq 500/550 mid output kit v2.5 (150 cycles),28.0,10.0,90.0,10.0,322 K/mm2,73.3 %,27.7,86.6,,,,#23-45 Wenfang Gui scSeq,203.81,130 mio.,1.57
230816_A01742_0134_BHKKW7DRX3,230816_scSeq,2023-08-16,True,scVDJseq,novaseq,493.46,246.7,83.9,AAGTGGAG,16.6,16.6-15.2-14.4-11.0-10.7-9.6-9.1-6.9-2.7-0.3-0.2-0.1-0.1-0.0-0.0,0.0-0.0-1.9-1.8-2.2-2.3-2.3-1.4-4.2-83.9,0.0,0.0,,28,10,90,10,-,78.35 %,268.15,90.09,,2.29,GGGGGGGG,"GEX 300 - 1000 bp, # 150 - 700 bp
Shallow sequencing, pooling ratio GEX:# --> 10:1 (according to older project by Saritas, no exact information given by the client)",2000.52,,
230817_NB501289_0730_AHG2JGBGXT,230817_ChIP-Seq,2023-08-17,True,ChIPseq,nextseq500,12.96,29.8,2.9,GGGGGG,64.9,64.9-1.1-0.5-0.5-0.5-0.5-0.4-0.4-0.4-0.4-0.4-0.4-0.3-0.3-0.3,11.3-9.1-14.1-8.8-6.7-8.7-9.4-9.7-11.3-7.9-2.9,0.0,0.0,nextseq 500/550 high output kit v2.5 (75 cycles),76.0,6.0,-,-,204 K/mm2,90.33 %,38.35,94.46,,1.85,GGGGGG,#23-47 Zimmer-Bensch ChIP-Seq,478.75,400 mio.,1.2
230821_A01742_0137_AHJNN3DRX3,230821_scSeq,2023-08-21,True,scVDJseq,novaseq,121.57,47.5,4.8,,,,35.2-28.9-31.1-4.8,0.0,0.0,,28,10,90,10,-,80.21 %,137.34,79.64,,,,#23-43.1 Osman Goni scSeq,1024.07,,
230824_NB501289_0733_AHWFHMBGXT,,2023-08-24,False,,nextseq500,21.91,63.5,11.6,ACTGCTTA+AGATCTCG,6.2,6.2-4.9-4.7-4.5-3.8-3.6-3.6-3.3-3.1-2.9-2.8-2.7-2.5-2.5-2.5,9.9-1.9-1.7-9.9-1.8-10.0-2.0-9.0-2.4-8.0-2.4-9.0-2.1-8.7-1.7-7.9-11.6,0.0,0.0,,,,,,,,,,,,,,586.19,,
230904_A01742_0142_AHJNMTDRX3,230904_scSeq,2023-09-04,True,scVDJseq,novaseq,268.76,110.4,72.8,,,,9.7-7.7-9.8-72.8,0.0,0.0,dual index plate ts set a (3000511),28,10,90,10,-,76.27 %,130.5,85.4,,,,#23-48,973.69,,
230914_NB501289_0737_AHWFHVBGXT,,2023-09-14,False,,nextseq500,22.66,64.6,11.0,ACTGCTTA+AGATCTCG,7.1,7.1-5.1-4.9-4.5-4.2-3.8-3.3-3.3-3.3-3.1-3.1-2.9-2.9-2.7-2.6,9.7-2.3-9.5-2.1-9.6-1.9-9.1-1.3-8.6-2.4-8.9-1.8-9.4-1.4-8.9-2.0-11.0,0.0,0.0,,,,,,,,,,,,,,596.63,,
230918_NB501289_0739_AH5G3NBGXV,,2023-09-18,False,,nextseq500,20.62,59.8,11.8,ACTGCTTA+AGATCTCG,7.2,7.2-5.8-4.7-4.5-4.2-3.9-3.4-3.4-3.1-2.9-2.9-2.7-2.7-2.7-2.4,7.2-1.8-9.7-2.0-9.7-2.4-9.0-2.5-9.2-2.5-8.5-2.5-8.3-2.2-8.3-2.4-11.8,0.0,0.0,,,,,,,,,,,,,,586.45,,
230922_NB501289_0741_AHJ23JBGXT,230922_scATAC-Seq,2023-09-22,True,scATACseq,nextseq500,,,,,,,,,,nextseq 500/550 high output kit v2.5 (150 cycles),50.0,8.0,50.0,16.0,189 K/mm2,87.9 %,51.9,94.6,,,,Seq-00010,,400 mio.,
230925_NB501289_0742_AHMYC5AFX5,230921_3'mRNA-Seq,2023-09-25,True,3mRNAseq,nextseq500,,,,CTTACCGGGTAC+ATTCAAGGGTCA,11.1,11.1-10.3-9.9-9.8-9.7-9.1-9.1-8.5-8.2-4.2-0.4-0.3-0.3-0.2-0.1,,,,nextseq 500/550 mid output kit v2.5 (150 cycles),81.0,12.0,-,12.0,261 K/mm2,77.7 %,17.8,87.7,,,,Seq-00009,,130 mio.,
230926_NB501289_0743_AHJ23NBGXT,230925_3'mRNA-Seq,2023-09-26,True,3mRNAseq,nextseq500,,,,GAATTCGT+GCCTTAGT,7.3,7.3-6.8-6.5-6.0-5.9-5.6-5.5-5.4-5.3-5.1-5.1-5.1-5.0-4.9-4.9,,,,nextseq 500/550 high output kit v2.5 (75 cycles),75.0,8.0,-,8.0,244 K/mm2,84.5 %,46.9,90.2,,,,Seq-00012,,400 mio.,
230926_M00818_0826_000000000-DMC6P,,2023-09-26,False,,miseq1,0.02,9.9,15.0,TTTTCT,2.7,2.7-1.7-1.5-1.1-1.1-1.0-0.8-0.7-0.7-0.7-0.7-0.7-0.7-0.6-0.6,14.1-16.7-13.3-15.3-11.9-13.8-15.0,0.0,0.0,,,,,,,,,,,0.02,GGGGGG,,1.52,,
230929_NB501289_0746_AH7LYKBGXV,,2023-09-29,False,,nextseq500,209.8,75.9,88.0,ATTCAGAA+AGGCTATA,12.8,12.8-12.6-12.2-11.5-11.4-10.7-9.9-2.0-1.0-0.9-0.7-0.7-0.7-0.7-0.6,12.0-88.0,0.0,0.0,,,,,,,,,,,,,,552.65,,
231002_A01742_0154_AHL7JLDRX3,231002_spatialSeq,2023-10-02,True,scATACseq,novaseq,64.69,28.9,7.0,,,,8.9-13.7-12.6-9.6-18.2-8.1-10.7-11.0-7.0,0.0,0.0,,28,10,90,10,-,78.95 %,270.1,93.64,,,,Seq-00013,2015.79,,
231002_NB501289_0747_AHTLWKAFX5_bcl2fastq,230927_3'mRNA-Seq,2023-10-02,True,3mRNAseq,nextseq500,3.02,28.1,12.3,GGGGGGGGGGGG+AGATCTCGGTGG,35.9,35.9-1.6-1.0-0.9-0.9-0.8-0.8-0.7-0.7-0.7-0.7-0.7-0.7-0.7-0.7,5.7-6.0-5.9-6.3-5.7-5.1-4.5-5.0-5.6-7.3-6.6-5.3-5.4-7.7-5.4-12.3,15.0,0.0,nextseq 500/550 mid output kit v2.5 (150 cycles),81.0,12.0,-,12.0,278 K/mm2,71.6 %,17.5,85.9,,,,Seq-00011,172.14,130 mio.,1.32
231002_NB501289_0747_AHTLWKAFX5,230927_3'mRNA-Seq,2023-10-02,True,3mRNAseq,nextseq500,,,,AATAGCTTTTTC+CCTCGATTTTTA,7.6,7.6-7.1-6.6-6.3-6.0-5.7-5.7-5.6-5.5-5.4-5.2-5.2-5.1-5.0-4.3,,,,nextseq 500/550 mid output kit v2.5 (150 cycles),81.0,12.0,-,12.0,278 K/mm2,71.6 %,17.5,85.9,,,,Seq-00011,,130 mio.,
231004_M04404_0699_000000000-DMCWG,230920_mRNA-Seq,2023-10-04,True,mRNAseq,miseq2,0.44,74.0,13.0,TCTCTCTC+TCTTTCCC,25.5,25.5-7.1-2.9-2.5-2.4-1.7-1.4-1.1-0.9-0.9-0.9-0.9-0.9-0.7-0.7,13.0-87.0,0.0,1.0,neb dual indexing. phix 10 % (60 µl 10 pm phix + 540 µl 10 pm library).,150.0,8.0,150.0,8.0,991 K/mm2,93.91 %,0.37,96.57,,,,Seq-00008,1.18,,
231005_M00818_0830_000000000-DMLGY,,2023-10-05,False,,miseq1,0.03,16.7,10.1,CAATTAAC+TCTTTCCC,3.8,3.8-3.4-3.1-3.0-2.4-1.6-1.6-1.5-1.2-1.0-1.0-0.9-0.9-0.7-0.7,17.3-15.1-15.8-11.4-15.7-14.6-10.1,0.0,0.0,,,,,,,,,,,,,,1.22,,
231005_A01742_0155_AHLMWGDRX3,,2023-10-05,False,,novaseq,125.25,46.7,7.1,,,,26.7-39.9-26.3-7.1,0.0,0.0,,,,,,,,,,,,,,1073.16,,
231009_NB501289_0750_AHNVLWAFX5,231009_Ampli-Seq,2023-10-09,True,ampliseq,nextseq500,4.36,1010.7,58.5,GGGGGGGG+AGATCTCG,90.3,90.3-0.2-0.2-0.2-0.2-0.2-0.2-0.2-0.2-0.2-0.2-0.2-0.2-0.2-0.1,0.2-0.1-0.1-0.1-0.1-0.1-0.1-0.1-0.1-0.1-0.1-0.1-0.1-0.1-0.1-0.1-0.2-0.1-0.1-0.2-0.2-0.1-0.2-0.1-0.2-0.1-0.1-0.2-0.2-0.1-0.1-0.1-0.2-0.1-0.2-0.2-0.2-0.1-0.1-0.2-0.1-0.1-0.1-0.1-0.1-0.1-0.1-0.1-0.2-0.2-0.1-0.1-0.2-0.1-0.1-0.1-0.2-0.2-0.1-0.1-0.2-0.1-0.1-0.1-0.2-0.1-0.1-0.1-0.2-0.1-0.1-0.1-0.2-0.1-0.1-0.1-0.2-0.1-0.2-0.1-0.1-0.1-0.1-0.2-0.1-0.1-0.1-0.1-0.1-0.1-0.1-0.1-0.2-0.1-0.2-0.1-0.1-0.1-0.1-0.1-0.2-0.1-0.2-0.1-0.1-0.1-0.1-0.1-0.2-0.1-0.1-0.1-0.2-0.2-0.1-0.1-0.2-0.1-0.2-0.1-0.2-0.1-0.1-0.1-0.2-0.1-0.1-0.1-0.2-0.1-0.1-0.1-0.2-0.1-0.1-0.1-0.2-0.1-0.1-0.1-0.2-0.1-0.1-0.1-0.2-0.1-0.1-0.1-0.1-0.1-0.1-0.1-0.1-0.1-0.1-0.1-0.2-0.1-0.1-0.1-0.1-0.1-0.1-0.1-0.2-0.1-0.1-0.1-0.2-0.1-0.1-0.1-0.2-0.1-0.1-0.1-0.1-0.1-0.1-0.1-0.1-0.1-0.1-0.1-0.2-0.1-0.1-0.1-0.1-0.1-0.1-0.1-0.1-0.2-0.1-0.1-0.2-0.1-0.1-0.1-0.1-0.2-0.1-0.1-0.2-0.1-0.1-0.1-0.2-0.2-0.2-0.1-0.2-0.1-0.1-0.1-0.1-0.2-0.1-0.1-0.2-0.1-0.1-0.1-0.1-0.1-0.1-0.1-0.2-0.1-0.1-0.1-0.1-0.1-0.1-0.1-0.2-0.1-0.1-0.1-0.2-0.2-0.1-0.1-0.2-0.1-0.1-0.1-0.1-0.1-0.1-0.1-0.2-0.1-0.1-0.1-0.2-0.1-0.1-0.1-0.2-0.1-0.1-0.1-0.1-0.1-0.1-0.1-0.2-0.1-0.1-0.1-0.1-0.1-0.1-0.1-0.2-0.1-0.1-0.1-0.1-0.1-0.1-0.1-0.1-0.1-0.1-0.1-0.2-0.2-0.2-0.3-0.2-0.3-0.3-0.3-0.2-0.3-0.2-0.2-58.5,0.0,0.0,,150,8,150,8,160 K/mm2,93.71 %,40.49,90.97,,,,Seq-00015,129.93,,
231019_A01742_0160_AHLV5JDRX3,231019_DBit-Seq,2023-10-19,True,unknown,novaseq,83.04,49.6,15.2,GGGGGGGG,89.3,89.3-0.9-0.7-0.6-0.5-0.5-0.2-0.2-0.2-0.2-0.2-0.1-0.1-0.1-0.1,13.8-16.0-15.3-39.8-15.2,0.0,0.0,,150,8,150,0,-,0.6552,255.38,79.29,,13.5,GGGGGGGG,Seq-00018,836.54,,
231019_NB501289_0752_AH5HJ3BGXV,231019_DBit-Seq,2023-10-19,True,unknown,nextseq500,21.23,57.1,13.6,ACTGCTTA+AGATCTCG,8.1,8.1-5.8-5.0-4.7-4.5-4.2-4.1-3.6-3.3-3.2-3.0-2.8-2.8-2.8-2.8,9.0-2.9-8.2-2.4-8.5-9.0-2.7-8.5-2.7-8.2-2.3-9.4-1.6-8.3-2.6-13.6,0.0,0.0,,150,8,150,0,-,0.6552,255.38,79.29,,,,Seq-00018,595.12,,
231031_NB501289_0755_AHTKJVAFX5,231031_Cut&Tag-Seq,2023-10-31,True,scATACseq,nextseq500,16.28,46.8,5.4,GGGGGGGG+AGATCTCG,21.0,21.0-4.0-3.1-2.5-2.5-2.0-1.8-1.8-1.7-1.4-1.0-1.0-0.8-0.8-0.7,27.0-12.5-25.9-29.2-5.4,0.0,0.0,,38,8,38,8,276 K/mm2,0.729,15.2,90.5,,,,Seq-00022,173.79,,
231113_A01742_0168_AHN3TKDRX3,231113_scRNA-Seq,2023-11-13,True,scRNAseq,novaseq,30.67,35.1,7.6,,,,3.9-5.8-4.8-9.1-6.0-4.6-4.3-3.3-3.8-3.0-3.0-2.8-4.2-3.0-5.6-6.1-3.6-2.9-3.2-4.6-4.9-7.6,0.0,0.0,,28,10,90,10,-,0.7539,258,92.25,,,,Seq-00023,1924.96,,
231113_A01742_0167_BHLT7NDRX3,231113_Seq,2023-11-13,True,RNAseq,novaseq,12.8,28.4,7.6,GTCGGAGC+GGATAACC,7.2,7.2-6.6-2.9-2.6-2.3-2.2-1.8-1.8-1.7-1.7-1.6-1.6-1.3-1.1-1.1,9.3-3.3-3.8-3.4-4.9-4.0-4.8-6.3-8.1-5.2-5.1-6.3-5.1-5.2-6.1-4.8-6.8-7.6,0.0,0.0,,75,8,75,8,-,0.6355,131.57,88.16000000000001,,,,Seq-00025,811.27,,
231114_M04404_0707_000000000-DMLNF,231110_DNA-Seq,2023-11-14,True,RNAseq,miseq2,0.0,32.2,8.7,TTTTTT,9.5,9.5-2.2-1.7-1.6-1.3-1.2-1.0-0.9-0.8-0.8-0.8-0.8-0.8-0.8-0.7,4.7-4.4-4.2-9.8-8.2-10.6-8.9-10.7-3.8-8.0-7.5-10.5-8.7,0.0,0.0,,75,6,75,0,139.83 K/mm2,0.937,0.03,96.73,,0.01,GGGGGG,Seq-00026,0.18,,
231116_NB501289_0759_AH5GTMBGXV,,2023-11-16,False,,nextseq500,20.13,57.9,12.3,ACTGCTTA+AGATCTCG,9.7,9.7-5.8-5.8-4.8-4.6-3.9-3.7-3.4-3.4-3.4-3.3-2.9-2.9-2.8-2.5,9.9-2.0-10.5-2.5-8.5-2.3-8.1-8.9-2.2-8.9-2.6-9.4-2.5-7.1-2.3-12.3,0.0,0.0,,,,,,,,,,,,,,556.21,,
231120_A01742_0171_AHM7GFDRX3,231120_scSeq,2023-11-20,True,scVDJseq,novaseq,208.67,61.0,4.6,,,,48.4-47.0-4.6,0.0,0.0,,28,10,90,10,,,,,,,,Seq-00033,1026.03,,
231121_M04404_0710_000000000-L9GRK,231116_16srRNA-Seq,2023-11-21,True,scRNAseq,miseq2,0.57,304.9,37.8,CCCTTTCT+TCTTTCCC,2.7,2.7-2.7-1.7-1.6-1.6-1.6-1.6-1.6-1.5-1.4-1.2-1.1-1.0-1.0-0.9,1.5-1.4-1.2-1.2-0.7-1.5-1.3-1.4-1.0-1.0-0.8-0.6-0.7-0.8-0.8-0.8-0.7-0.7-0.8-0.9-0.8-0.8-0.7-0.8-1.0-1.1-0.8-0.8-1.1-1.3-1.0-1.0-1.1-1.3-1.1-1.1-1.1-1.2-1.0-0.9-1.2-1.3-0.8-0.7-0.6-0.6-0.7-0.8-0.7-0.8-0.9-0.9-0.7-0.8-0.9-1.0-1.0-1.0-0.8-0.7-0.7-0.6-0.8-0.8-0.8-0.9-0.0-0.8-37.8,0.0,0.0,,301,8,301,8,,,,,,,,Seq-00030,12.88,,
231127_M00818_0846_000000000-LCLFK,231127_scRNA-Seq,2023-11-27,True,scRNAseq,miseq1,2.13,49.6,1.2,CTCTCT,3.2,3.2-2.6-2.5-1.9-1.8-1.8-1.7-1.7-1.6-1.6-1.6-1.6-1.6-1.4-1.3,30.6-23.7-21.5-23.0-1.2,0.0,0.0,,28,10,90,10,-,,,,,0.0,GGGGGG,Seq-00023,21.45,,
231129_NB501289_0762_AHWN27AFX5,231122_3mRNA-Seq,2023-11-29,True,3mRNAseq,nextseq500,8.28,86.5,24.4,GGGGGGGGGGGG+AGATCTCGGTGG,76.8,76.8-0.5-0.4-0.3-0.3-0.2-0.2-0.2-0.2-0.2-0.2-0.2-0.2-0.2-0.2,4.6-3.0-4.5-4.5-3.4-4.8-3.8-3.4-3.9-4.6-3.5-3.8-5.1-5.1-5.3-4.8-3.9-3.8-24.4,18.0,0.0,NextSeq 500/550 Mid Output Kit v1.5 (150 cycles),88,12,-,12,255 K/mm²,82.7 %,19.4,87.5,,,,Seq-00024,182.02,,
231129_A01742_0176_AHN7WKDMXY,231030_4,2023-11-29,True,unknown,novaseq,21.63,42.4,5.6,GGGGGGGG+AGATCTCG,23.6,23.6-3.8-3.4-3.3-2.6-2.4-2.3-1.6-0.8-0.8-0.8-0.7-0.7-0.7-0.6,0.9-1.2-0.9-0.9-1.1-1.2-0.9-0.9-1.1-1.2-0.9-1.5-1.6-1.5-1.3-1.5-1.3-1.8-1.3-1.6-0.8-0.9-0.9-0.9-1.3-1.2-1.3-1.2-1.4-1.4-1.5-1.1-1.4-1.6-1.5-1.3-1.7-1.3-1.2-0.9-1.0-1.0-1.2-1.4-1.2-1.0-0.9-0.9-1.3-1.3-1.1-1.7-1.8-1.3-1.4-1.2-1.9-1.6-1.0-1.0-1.0-0.9-1.3-1.1-1.0-0.9-1.4-1.5-1.4-1.4-1.4-1.4-1.4-1.3-1.6-1.2-5.6,0.0,0.0,,76,8,76,8,-,68.13 %,643.76,91.06,,,,Seq-00019,3925.1,,
231130_NB501289_0763_AHWLV7AFX5,231123_3mRNA-Seq,2023-11-30,True,3mRNAseq,nextseq500,8.65,59.7,23.3,GGGGGGGGGGGG+AGATCTCGGTGG,74.8,74.8-0.6-0.5-0.4-0.4-0.4-0.4-0.3-0.3-0.3-0.3-0.3-0.3-0.3-0.3,4.8-6.3-8.7-7.2-6.2-6.0-5.3-5.7-5.7-6.9-6.9-7.0-23.3,12.0,0.0,,86,12,-,12,266 K/mm²,82.0 %,20.1,87.7,,,,Seq-00032,188.44,,
231204_M00818_0849_000000000-DN44N,,2023-12-04,False,,miseq1,0.03,40.9,6.4,CCCTTT,1.4,1.4-1.3-1.1-1.0-0.9-0.8-0.8-0.7-0.7-0.7-0.7-0.7-0.6-0.5-0.5,3.6-2.9-4.0-11.0-7.0-11.5-10.8-10.4-3.7-8.7-8.9-11.1-6.4,0.0,0.0,,,,,,,,,,,0.0,GGGGGG,,0.95,,
231204_A01742_0178_BHMWYFDRX3,231204_scRNA-Seq,2023-12-04,True,scRNAseq,novaseq,111.46,46.1,3.3,GGGGGGGG,39.8,39.8-3.5-3.2-1.5-1.4-1.3-1.2-1.1-0.9-0.8-0.8-0.8-0.7-0.7-0.6,19.7-10.3-9.2-11.3-22.9-12.8-10.6-3.3,0.0,0.0,,28,10,90,10,-,75.72 %,256.16,64.73,,1.26,GGGGGGGG,Seq-00023,1933.49,,
231205_NB501289_0765_AHW73WAFX5,231205_Seq,2023-12-05,True,RNAseq,nextseq500,17.71,141.4,100.0,AAAAAAAA+AGATCTCG,64.0,64.0-2.7-2.5-2.5-2.5-2.2-1.7-1.5-0.9-0.5-0.5-0.4-0.4-0.4-0.4,0.0-0.0-100.0,0.0,0.0,,75,8,-,8,44 K/mm2,0.965,3.3,99.0,,,,Seq 00026 (2nd Sequencing of of 2x RRBS samples),37.58,,
231205_A01742_0179_AHNWLNDRX3,231205_scCITE-Seq,2023-12-05,True,scATACseq,novaseq,192.85,107.0,4.4,,,,46.8-1.9-45.6-1.3-4.4,0.0,0.0,,28,10,90,10,-,0.7056,120.74,92.9,,,,Seq-00027,900.88,,
231206_NB501289_0766_AHCVMGBGXV,231205_3mRNA-Seq,2023-12-06,True,3mRNAseq,nextseq500,19.19,84.2,20.4,GGGGGGGG+AGATCTCG,80.2,80.2-0.5-0.2-0.2-0.2-0.2-0.2-0.2-0.2-0.2-0.2-0.2-0.2-0.2-0.2,3.0-4.0-3.1-3.4-3.2-3.5-2.8-3.1-3.3-3.6-3.2-3.3-3.2-3.3-3.5-3.2-2.9-3.6-3.8-3.7-3.9-2.7-2.9-3.4-20.4,24.0,0.0,,76,8,-,8,258 K/mm²,85.2 %,50.6,89.6,,,,Seq-00028,569.94,,
231206_A01742_0180_BHNJ5TDRX3,231206_WGS1,2023-12-06,True,BWGS,novaseq,17.69,123.2,6.4,GGGGGGGG+AGATCTCG,7.7,7.7-4.4-2.5-2.4-2.3-2.0-1.5-1.1-1.1-1.1-1.0-1.0-0.8-0.8-0.8,0.0-0.0-0.2-0.2-0.3-0.5-0.4-1.4-2.2-0.0-0.1-0.1-0.2-0.2-0.4-0.5-1.6-2.0-0.0-0.1-0.2-0.2-0.3-0.4-0.5-1.3-2.2-0.0-0.0-0.1-0.0-0.2-0.3-0.5-1.3-2.6-2.6-2.2-0.0-0.0-0.2-0.3-0.2-1.0-0.9-3.2-2.1-0.0-0.1-0.2-0.2-0.6-0.2-0.5-1.5-1.9-2.2-2.0-2.4-2.3-2.7-2.0-2.6-1.7-1.7-2.0-0.0-0.0-0.3-0.3-0.1-0.1-0.4-0.4-1.9-2.0-2.4-2.4-3.6-2.2-2.0-1.9-2.3-0.0-0.0-0.0-0.1-0.2-0.1-0.3-0.3-2.3-0.0-0.0-0.2-0.2-0.3-0.3-0.4-0.5-0.0-0.1-0.2-0.2-0.4-0.3-0.4-1.5-0.0-0.1-0.1-0.2-0.3-0.3-0.5-1.4-6.4,0.0,0.0,,151,8,151,8,-,65.80 %,528.08,~ 88 ,,,,Seq-00034,1680.12,,
231207_NB501289_0767_AH3C53BGXT,231207_scATAC-Seq,2023-12-07,True,scATACseq,nextseq500,35.28,33.7,7.0,,,,22.2-26.3-20.8-23.7-7.0,0.0,0.0,,50,8,50,16,243 K/mm²,83.0 %,62.7,92.5,,,,Seq-00038,523.33,,
231211_NB501289_0769_AHT5GTBGXT,231207_2,2023-12-11,True,unknown,nextseq500,4.68,37.4,7.9,GGGGGGGGGG+AGATCTCGGT,19.4,19.4-1.4-1.2-0.6-0.6-0.6-0.5-0.5-0.5-0.5-0.5-0.5-0.4-0.4-0.4,2.4-2.1-2.4-2.6-2.3-2.3-2.2-2.1-2.3-2.1-2.0-2.5-2.3-2.1-2.1-2.6-2.2-2.3-1.9-1.8-2.4-2.7-1.6-2.3-2.3-2.4-3.0-2.2-1.7-2.3-2.2-2.3-2.6-2.1-2.4-2.6-3.2-2.6-2.0-2.9-7.9,0.0,0.0,,72,10,-,10,221 K/mm²,89.6 %,45.7,91.1,,0.95,GGGGGGGGGG+AGATCTCGGT,Seq-00036,513.19,,
231211_A01742_0182_BHTWVGDRX3,231211_scSeq,2023-12-11,True,scVDJseq,novaseq,672.73,64.8,17.6,,,,82.4-17.6,0.0,0.0,,28,10,90,10,-,81.37 %,278.51,93.59,,,,Seq-00040,2077.6,,
231213_NB501289_0770_AHJLM2BGXV,,2023-12-13,False,,nextseq500,23.94,67.4,11.2,ACTGCTTA+AGATCTCG,7.7,7.7-5.5-4.7-4.3-4.1-3.7-3.6-3.3-3.2-2.8-2.7-2.6-2.6-2.6-2.5,8.2-1.8-9.4-1.6-10.6-1.2-9.5-2.1-10.2-1.7-9.6-1.8-9.0-2.0-8.1-1.8-11.2,0.0,0.0,,,,,,,,,,,,,,603.98,,
231214_A01742_0185_BHNWLHDRX3,231214_scSeq,2023-12-14,True,scVDJseq,novaseq,209.58,198.7,73.4,TAACGCGT,15.6,15.6-14.1-14.0-13.0-12.1-11.7-9.8-3.9-0.2-0.1-0.1-0.1-0.1-0.0-0.0,3.7-0.0-4.0-2.3-4.0-3.9-5.6-3.1-73.4,0.0,0.0,,28,10,90,10,-,,,,,1.6,GGGGGGGG,Seq-00021,949.51,,
231218_A01742_0186_BHT23KDRX3,231218_WGS2,2023-12-18,True,BWGS,novaseq,4.9,88.4,6.8,GGGGGGGG+AGATCTCG,10.1,10.1-3.0-0.8-0.8-0.7-0.7-0.6-0.6-0.6-0.5-0.5-0.5-0.5-0.4-0.4,0.3-0.5-0.4-0.7-0.7-0.5-0.3-0.9-0.4-0.3-0.6-0.3-0.5-0.4-0.4-1.0-0.7-0.3-0.5-0.3-0.9-0.5-0.7-0.5-0.4-0.4-0.4-0.2-0.9-0.4-0.8-1.0-0.4-1.0-0.7-0.8-0.5-0.6-0.3-0.6-0.3-0.5-0.6-0.2-0.4-0.5-0.8-0.9-0.6-0.5-1.0-0.8-0.9-0.4-0.3-0.8-0.7-0.5-0.4-0.3-0.4-0.7-0.4-0.4-0.7-0.7-0.4-0.3-0.7-0.4-0.4-0.5-0.7-0.5-0.4-0.4-0.7-0.5-0.5-0.7-0.6-0.7-0.6-0.4-0.6-0.3-0.4-0.5-0.6-0.5-0.5-0.5-0.5-0.8-0.4-0.4-0.3-0.5-0.5-0.6-0.6-0.6-0.5-0.5-0.3-0.5-0.3-0.3-0.5-0.9-0.2-0.4-0.4-0.5-0.5-0.8-0.6-0.6-0.9-0.5-0.5-0.6-0.6-0.7-0.3-0.5-0.5-0.6-1.3-0.6-0.5-0.7-0.6-0.4-0.5-0.6-0.4-0.7-0.5-0.6-0.5-0.3-0.7-0.4-0.4-0.5-0.6-0.3-0.4-0.6-0.6-0.3-1.1-0.7-1.0-0.5-0.5-0.6-0.5-0.4-0.6-0.4-0.5-0.5-0.7-0.5-0.3-0.6-0.5-0.4-0.4-0.5-0.5-0.2-6.8,0.0,0.0,,151,8,151,8,-,75.98 %,304.80,90.0,,,,Seq-00035,970.01,,
231220_A01742_0188_BHV7W2DRX3,231220_scSeq,2023-12-20,True,scVDJseq,novaseq,21.83,19.3,6.9,,,,10.6-10.7-9.0-12.0-13.6-10.7-14.2-12.4-6.9,0.0,0.0,,28,10,90,10,-,79.61 %,136.23,93.97,,,,Seq-00045,1016.4,,
231221_A01742_0189_BHVGFLDRX3,,2023-12-21,False,,novaseq,18.71,26.6,1.7,GGGGGG,56.9,56.9-2.4-1.3-1.0-0.9-0.8-0.8-0.7-0.7-0.6-0.6-0.6-0.5-0.5-0.5,6.1-6.2-8.1-5.8-5.8-7.8-7.4-5.9-6.2-8.4-5.9-7.3-7.4-10.0-1.7,0.0,0.0,,,,,,,,,,,0.96,GGGGGG,,1055.18,,
240108_NB501289_0774_AHJLKMBGXV,,2024-01-08,False,,nextseq500,20.48,61.5,11.3,ACTGCTTA+AGATCTCG,8.1,8.1-6.2-4.3-4.0-4.0-3.9-3.7-3.3-3.1-3.1-3.0-2.7-2.7-2.5-2.5,8.7-2.0-10.0-2.5-9.1-2.3-8.9-2.0-9.0-2.0-9.2-2.0-9.2-2.3-7.7-1.9-11.3,0.0,0.0,,,,,,,,,,,,,,566.08,,
240111_NB501289_0775_AHNYWJBGXT,240110_3mRNA-Seq,2024-01-11,True,3mRNAseq,nextseq500,7.91,22.2,8.7,GGGGGGGGGG+AGATCTCGGT,10.0,10.0-1.4-1.3-1.2-1.2-1.1-1.0-0.9-0.9-0.9-0.9-0.8-0.8-0.8-0.8,5.0-6.3-6.7-7.3-6.4-5.9-6.7-5.1-6.7-5.0-4.3-5.3-2.6-5.3-6.2-6.6-8.7,16.0,0.0,NextSeq 500/550 High Output Kit v2.5 (75 cycles),,,,,,,,,,0.54,GGGGGGGGGG+AGATCTCGGT,Seq-00043 / Seq-00042,606.59,400 mio.,1.52
240115_A01742_0193_BHVKCMDRX3,240115_scSeq,2024-01-15,True,scVDJseq,novaseq,75.32,68.5,4.9,,,,12.3-2.3-1.2-10.8-8.2-14.2-21.4-24.6-4.9,0.0,0.0,NovaSeq 6000 SP Reagent Kit v1.5 (100 cycles),28,10,90,10,-,77.56 %,132.76,93.71,,,,Seq-00020,990.17,,
240122_NB501289_0778_AH252JAFX7,240119_3mRNA-Seq,2024-01-22,True,3mRNAseq,nextseq500,1.77,8.8,9.4,GGGGGGGGGGGG+AGATCTCGGTGG,8.3,8.3-3.9-2.5-1.8-1.6-1.6-1.5-1.5-1.4-1.3-1.3-1.2-1.2-1.2-1.1,9.6-9.4-9.0-10.6-10.3-11.9-9.9-10.9-9.1-9.4,9.0,0.0,NextSeq 500/550 Mid Output Kit v2.5 (150 cycles),75,12,-,12,288 K/mm2,0.807,19.2,87.9,,,,Seq-00051,200.65,130 mio.,1.54
240126_A01742_0198_BH2MGVDRX5,240126_scRNAseq,2024-01-26,True,scRNAseq,novaseq,155.26,40.8,4.5,,,,23.3-28.3-20.3-23.6-4.5,0.0,0.0,NovaSeq 6000 S1 Reagent Kit v1.5 (100 cycles) ,28,10,90,10,-,,,,1,,,Seq-00049,1901.21,,
240131_A01742_0200_AHW3VWDRX3,240131_scFLEXseq,2024-01-31,True,unknown,novaseq,291.89,84.4,17.3,,,,72.9-9.8-17.3,0.0,0.0,NovaSeq 6000 SP Reagent Kit v1.5 (100 cycles),48,10,50,10,-,0.8131,118.44,88.62,5,,,Seq-00053,1038.05,,
240201_NB501289_0780_AH3NY2AFX7,240201_scRNAseq,2024-02-01,True,scRNAseq,nextseq500,64.22,102.4,5.9,,,,12.6-81.4-5.9,0.0,0.0,NextSeq 500/550 Mid Output Kit v2.5 (150 cycles),28,10,90,10,,,,,,,,Seq-00046,188.22,130 mio.,1.45
240205_NB501289_0782_AHCKNTBGXV,240205_scATAC-Seq,2024-02-05,True,scATACseq,nextseq500,32.95,32.0,7.5,,,,21.1-24.7-22.0-24.6-7.5,0.0,0.0,NextSeq 500/550 High Output Kit v2.5 (150 cycles),50,8,50,16,,,,,,,,Seq-00056,515.52,400 mio.,1.29
240206_NB501289_0783_AH3WVJAFX7,240206_Methylseq,2024-02-06,True,unknown,nextseq500,25.1,59.1,5.5,GGGGGGGG+GCCTATCA,10.6,10.6-9.0-8.7-4.8-3.9-3.5-2.4-1.9-1.2-1.2-1.1-1.0-1.0-0.8-0.8,46.2-48.3-5.5,0.0,0.0,NextSeq 500/550 Mid Output Kit v2.5 (300 cycles),151,8,151,8,,,,,,,,Seq-00050,127.41,130 mio.,0.98
240206_M00818_0866_000000000-DNDCW,,2024-02-06,False,,miseq1,0.15,46.0,11.7,TAATGCGC+TCTTTCCC,8.2,8.2-8.0-2.2-1.7-1.7-1.6-1.5-1.5-1.2-1.1-1.0-0.9-0.8-0.8-0.8,42.8-45.5-11.7,0.0,0.0,,,,,,,,,,,,,,0.99,,
240208_NB501289_0784_AHJLMFBGXV,,2024-02-08,False,,nextseq500,21.3,63.0,10.9,TCCGCGAA+AGATCTCG,6.2,6.2-4.9-4.7-4.5-4.2-4.0-3.8-3.7-3.6-3.3-3.1-3.1-3.0-2.6-2.5,8.4-2.2-9.0-2.1-8.8-1.9-8.7-2.1-9.7-1.9-10.2-2.2-9.4-2.0-8.9-1.6-10.9,0.0,0.0,,,,,,,,,,,,,,574.84,,
240221_NB501289_0786_AHTYK7BGXV,,2024-02-21,False,,nextseq500,21.06,55.8,10.3,ACTGCTTA+AGATCTCG,5.4,5.4-5.4-4.0-4.0-3.9-3.7-3.5-3.5-3.4-3.3-3.3-3.1-3.0-2.8-2.6,9.6-9.5-2.4-8.7-2.3-9.9-2.2-9.2-2.3-8.8-2.2-8.8-2.4-9.0-2.3-10.3,0.0,0.0,,,,,,,,,,,,,,604.17,,
240226_NB501289_0788_AHLNJ3BGXV,240226_scSeq-Exp,2024-02-26,True,unknown,nextseq500,86.74,49.0,10.7,,,,40.8-48.6-10.7,0.0,0.0,NextSeq 500/550 High Output v2.5 kit (150 cycles),66,8,86,8,,,,,,,,Single Cell Experiment Parse Bio,530.71,,
240228_A01742_0208_AH2GG7DRX5,240129_miRNAseq,2024-02-28,True,miRNAseq,novaseq,25.98,142.3,13.6,GGGGGGGGGG+AGATCTCGGT,20.4,20.4-8.4-2.9-1.5-1.4-1.1-1.1-1.0-0.5-0.5-0.5-0.5-0.5-0.5-0.4,0.6-0.5-0.7-0.7-0.7-0.7-0.7-0.7-0.4-0.6-0.6-0.7-0.5-0.5-0.6-0.5-0.9-0.7-0.5-0.6-0.8-0.8-0.6-0.5-0.6-0.6-0.6-1.0-0.6-0.9-0.5-0.5-0.6-0.7-0.7-0.5-0.8-0.7-0.5-0.7-0.7-0.5-0.8-0.6-0.8-0.6-0.7-0.8-0.6-0.7-0.8-0.6-0.5-0.7-0.7-0.7-0.7-0.8-0.7-0.8-0.7-0.7-0.8-0.6-0.7-0.7-0.9-0.7-0.3-0.8-0.9-0.7-0.8-0.4-0.4-1.0-0.8-0.8-1.1-0.9-0.9-0.4-0.7-0.8-1.2-0.8-0.7-0.9-0.9-0.7-0.6-0.6-0.5-0.7-0.5-0.6-0.7-1.0-0.8-0.8-1.0-1.1-1.1-0.9-0.8-0.8-1.1-1.2-1.0-1.1-0.8-1.1-0.9-0.7-0.4-0.8-1.0-0.7-0.7-0.8-13.6,120.0,0.0,NovaSeq 6000 S1 Reagent Kit v1.5 (100 cycles),72,10,-,10,-,86.51,196.68,94.8,1,0.68,GGGGGGGGGG+AGATCTCGGT,Seq-00048,2208.79,1.3–1.6 billion,1.38
240305_NB501289_0790_AH3YLCAFX7,240305_scRNAseq,2024-03-05,True,scRNAseq,nextseq500,68.29,103.7,5.5,,,,12.4-82.0-5.5,0.0,0.0,NextSeq 500/550 Mid Output Kit v2.5 (150 cycles),28,10,90,10,,,,,,,,Seq-00061,197.59,130 mio.,1.52
240306_NB501289_0791_AHLNJ5BGXV,,2024-03-06,False,,nextseq500,3.57,57.5,9.0,GGGGGGGGGG+AGATCTCGGT,34.6,34.6-1.3-1.2-1.0-0.8-0.6-0.6-0.6-0.5-0.5-0.4-0.4-0.4-0.4-0.3,1.5-1.6-2.3-1.8-1.7-2.0-1.8-1.8-1.6-1.9-1.5-1.6-1.5-1.5-1.6-1.5-1.2-3.5-1.9-1.7-3.6-2.5-1.5-2.0-1.8-2.0-1.5-1.3-1.6-1.4-1.8-1.3-1.5-1.6-1.9-1.8-2.1-2.3-1.4-1.3-1.4-1.8-1.1-1.6-1.5-1.4-1.4-1.5-1.6-1.8-2.3-1.7-9.0,0.0,0.0,,,,,,,,,,,1.57,GGGGGGGGGG+AGATCTCGGT,,328.59,,
240307_NB501289_0792_AHNVJ7BGXV,240306_3mRNAseq,2024-03-07,True,3mRNAseq,nextseq500,,,,,,,,,,NextSeq 500/550 High Output Kit v2.5 (75 cycles),72,10,-,10,249 K/mm²,0.861,49.5,"89,5 Gb",,,,Seq-00058,,400 mio.,
240308_A01742_0213_AH2LG3DRX5,240308_Wdh,2024-03-08,True,unknown,novaseq,,,,GGGGGGGG,27.6,27.6-16.9-16.9-13.1-12.6-10.2-1.3-0.1-0.0-0.0-0.0-0.0-0.0-0.0-0.0,,,,NovaSeq 6000 S1 Reagent Kit v1.5 (300 cycles),151,8,151,-,,,,,25,,GGGGGGGG,Seq-00063,,1.3–1.6 billion,
.Rproj.user,,,,,,,,,,,,,,,,,,,,,,,,,,,,,,
